Date,Name,Year,Letterboxd URI
2021-01-23,Baby Driver,2017,https://boxd.it/bhF2
2021-01-23,Hot Fuzz,2007,https://boxd.it/2416
2021-01-23,Léon: The Professional,1994,https://boxd.it/2b8S
2021-01-23,Die Hard,1988,https://boxd.it/2a7u
2021-01-23,Ready Player One,2018,https://boxd.it/aZes
2021-01-23,Raiders of the Lost Ark,1981,https://boxd.it/2bbs
2021-01-23,Snowpiercer,2013,https://boxd.it/3Icg
2021-01-23,John Wick,2014,https://boxd.it/7dEc
2021-01-23,Tenet,2020,https://boxd.it/leq4
2021-01-23,The Revenant,2015,https://boxd.it/8H5e
2021-01-23,Fantastic Mr. Fox,2009,https://boxd.it/1WyQ
2021-01-23,Avatar,2009,https://boxd.it/1Efm
2021-01-23,The Grand Budapest Hotel,2014,https://boxd.it/3ZqO
2021-01-23,The Truman Show,1998,https://boxd.it/18U8
2021-01-23,BlacKkKlansman,2018,https://boxd.it/hxL8
2021-01-23,Dr. Strangelove or: How I Learned to Stop Worrying and Love the Bomb,1964,https://boxd.it/29eY
2021-01-23,Drive,2011,https://boxd.it/IG
2021-01-23,The Irishman,2019,https://boxd.it/dYOq
2021-01-23,"Three Billboards Outside Ebbing, Missouri",2017,https://boxd.it/ceBS
2021-01-23,The Departed,2006,https://boxd.it/28MA
2021-01-23,Scarface,1983,https://boxd.it/2b7g
2021-01-23,Jackie Brown,1997,https://boxd.it/2aVO
2021-01-23,Moonlight,2016,https://boxd.it/d6bE
2021-01-23,Eternal Sunshine of the Spotless Mind,2004,https://boxd.it/6YK
2021-01-23,The Shape of Water,2017,https://boxd.it/dZ5m
2021-01-23,Blade Runner 2049,2017,https://boxd.it/b8wK
2021-01-23,A Clockwork Orange,1971,https://boxd.it/2aVE
2021-01-23,Donnie Darko,2001,https://boxd.it/2b2A
2021-01-23,Harakiri,1962,https://boxd.it/1NTU
2021-01-23,Seven Samurai,1954,https://boxd.it/2axi
2021-01-23,The Human Condition III: A Soldier's Prayer,1961,https://boxd.it/1dIQ
2021-03-02,Wolfwalkers,2020,https://boxd.it/fGrC
2021-03-19,The Beguiled,2017,https://boxd.it/dZ1k
2021-03-21,A Brighter Summer Day,1991,https://boxd.it/1Luy
2021-03-25,Lady Snowblood,1973,https://boxd.it/26Fi
2021-03-29,Suspiria,1977,https://boxd.it/1SNW
2021-03-29,The Peanut Butter Falcon,2019,https://boxd.it/gzu2
2021-04-18,Romeo + Juliet,1996,https://boxd.it/2ama
2021-05-06,(500) Days of Summer,2009,https://boxd.it/1EmM
2021-05-12,Thelma & Louise,1991,https://boxd.it/28Ew
2021-05-15,If Beale Street Could Talk,2018,https://boxd.it/gGhu
2021-05-15,Twin Peaks: The Return,2017,https://boxd.it/hN9O
2021-05-15,Twin Peaks,1989,https://boxd.it/g8pk
2021-05-17,Doubt,2008,https://boxd.it/1OfQ
2021-06-02,American Gigolo,1980,https://boxd.it/26l8
2021-06-02,Hot Rod,2007,https://boxd.it/1X9C
2021-06-06,Tomboy,2011,https://boxd.it/49U
2021-06-12,V for Vendetta,2005,https://boxd.it/29Ik
2021-06-20,The Incredibly True Adventure of Two Girls in Love,1995,https://boxd.it/1nDc
2021-06-23,Zoolander,2001,https://boxd.it/1YMA
2021-06-28,Copying Beethoven,2006,https://boxd.it/28wM
2021-06-28,The Runaways,2010,https://boxd.it/1rsC
2021-06-28,I'm Not There,2007,https://boxd.it/24Ys
2021-06-28,Dark Waters,2019,https://boxd.it/kaYu
2021-06-28,The Aviator,2004,https://boxd.it/26BU
2021-06-28,Little Woods,2018,https://boxd.it/g76c
2021-06-28,Nocturnal Animals,2016,https://boxd.it/bkFu
2021-07-05,Ginger Snaps,2000,https://boxd.it/1XEg
2021-07-06,Mamma Mia!,2008,https://boxd.it/1Tnq
2021-07-06,First Reformed,2017,https://boxd.it/go9C
2021-07-06,Les Misérables,2012,https://boxd.it/2TT4
2021-07-20,Clueless,1995,https://boxd.it/1Ygk
2021-07-23,House of Tolerance,2011,https://boxd.it/2Yjq
2021-07-23,Titane,2021,https://boxd.it/nlQC
2021-07-23,Deerskin,2019,https://boxd.it/lqOW
2021-07-23,The Unknown Girl,2016,https://boxd.it/bk78
2021-07-23,Love at First Fight,2014,https://boxd.it/87CQ
2021-07-23,The Trouble with You,2018,https://boxd.it/iOOg
2021-07-23,The Bloom of Yesterday,2016,https://boxd.it/eKeU
2021-07-23,Suzanne,2013,https://boxd.it/5LBs
2021-07-23,"Paris, 13th District",2021,https://boxd.it/s0Ky
2021-07-23,The Double Life of Véronique,1991,https://boxd.it/28va
2021-07-23,The Sisters Brothers,2018,https://boxd.it/fDFm
2021-07-24,It Felt Like Love,2013,https://boxd.it/4Q1M
2021-07-25,Soorarai Pottru,2020,https://boxd.it/lWrq
2021-07-25,Dangal,2016,https://boxd.it/chfU
2021-07-25,Chicago,2002,https://boxd.it/28zm
2021-07-25,Days of Heaven,1978,https://boxd.it/1JRg
2021-07-27,Magic Mike,2012,https://boxd.it/2HvY
2021-07-28,Heroes Don't Die,2019,https://boxd.it/lqQo
2021-07-28,One Flew Over the Cuckoo's Nest,1975,https://boxd.it/2aeA
2021-07-28,Pride,2014,https://boxd.it/6TwM
2021-07-28,A Girl Walks Home Alone at Night,2014,https://boxd.it/7nZE
2021-07-28,Cléo from 5 to 7,1962,https://boxd.it/2agm
2021-07-28,Revenge,2017,https://boxd.it/gL9g
2021-07-29,Mauvais Sang,1986,https://boxd.it/5c6
2021-07-29,Heat,1995,https://boxd.it/2bg8
2021-07-29,The Master,2012,https://boxd.it/2cBG
2021-07-29,There Will Be Blood,2007,https://boxd.it/20Z2
2021-07-29,Phantom Thread,2017,https://boxd.it/e4uc
2021-07-29,Boogie Nights,1997,https://boxd.it/23um
2021-07-29,The Young Girls of Rochefort,1967,https://boxd.it/26K8
2021-07-29,"One Sings, the Other Doesn't",1977,https://boxd.it/98s
2021-07-30,Zola,2020,https://boxd.it/jEWQ
2021-07-31,Crash,1996,https://boxd.it/29n2
2021-07-31,What Will People Say,2017,https://boxd.it/gPy0
2021-08-01,I'm Thinking of Ending Things,2020,https://boxd.it/i4IQ
2021-08-01,Little Miss Sunshine,2006,https://boxd.it/29EW
2021-08-01,The Big Short,2015,https://boxd.it/ajZw
2021-08-01,The Big City,1963,https://boxd.it/fI2
2021-08-01,Charulata,1964,https://boxd.it/1bVy
2021-08-03,The Platform,2019,https://boxd.it/mUm6
2021-08-05,The Brothers Bloom,2008,https://boxd.it/1Bqm
2021-08-26,Hidden Figures,2016,https://boxd.it/dgS4
2021-09-04,Happy Together,1997,https://boxd.it/1Ha0
2021-09-26,Returning to Reims (Fragments),2021,https://boxd.it/vBUG
2021-09-26,Stoker,2013,https://boxd.it/34S2
2021-09-29,Bad Blood,,https://boxd.it/ebDg
2021-09-29,Free Fire,2016,https://boxd.it/b2Ig
2021-09-29,Casino Royale,2006,https://boxd.it/1alk
2021-09-29,Skyfall,2012,https://boxd.it/17Fc
2021-10-01,Ninjababy,2021,https://boxd.it/ojtS
2021-10-02,The White Princess,2017,https://boxd.it/g8Hy
2021-10-02,Annihilation,2018,https://boxd.it/9yzm
2021-10-02,Dirty Computer,2018,https://boxd.it/iLhe
2021-10-23,Black Bear,2020,https://boxd.it/n8ru
2021-11-09,Double Indemnity,1944,https://boxd.it/297I
2021-11-14,About Time,2013,https://boxd.it/43bI
2021-11-14,Red Eye,2005,https://boxd.it/1TNy
2021-11-14,The Notebook,2004,https://boxd.it/1UNE
2021-11-14,Wedding Crashers,2005,https://boxd.it/1Yte
2021-11-14,Shithouse,2020,https://boxd.it/nCFc
2021-11-18,10 Cloverfield Lane,2016,https://boxd.it/aZiu
2021-11-19,In the Cut,2003,https://boxd.it/1V12
2021-11-19,The Piano,1993,https://boxd.it/29Kq
2021-11-20,The Night Comes for Us,2018,https://boxd.it/g2lc
2021-11-21,Passing,2021,https://boxd.it/jKdM
2021-11-22,Days of Being Wild,1990,https://boxd.it/1HbC
2021-11-22,Gaslight,1944,https://boxd.it/1PYs
2021-11-22,Bridget Jones's Diary,2001,https://boxd.it/29WQ
2021-11-22,The Graduate,1967,https://boxd.it/18Im
2021-11-22,Vicky Cristina Barcelona,2008,https://boxd.it/23rW
2021-11-24,Licorice Pizza,2021,https://boxd.it/qTKY
2021-11-24,Nightmare Alley,2021,https://boxd.it/m0HC
2021-11-24,Dune,2021,https://boxd.it/fA7G
2021-11-24,Luca,2021,https://boxd.it/ipjC
2021-11-24,A Quiet Place Part II,2020,https://boxd.it/iTx0
2021-11-24,Minari,2020,https://boxd.it/mL9M
2021-11-24,Candyman,2021,https://boxd.it/kHFg
2021-11-24,Gunpowder Milkshake,2021,https://boxd.it/l5fQ
2021-11-24,Don't Look Up,2021,https://boxd.it/o0Hc
2021-11-24,The Lost Daughter,2021,https://boxd.it/kgww
2021-11-24,A Separation,2011,https://boxd.it/gvo
2021-11-26,Mrs. America,2020,https://boxd.it/oO4u
2021-11-28,Bound,1996,https://boxd.it/1Z1g
2021-12-01,West Side Story,1961,https://boxd.it/28dK
2021-12-02,Contact,1997,https://boxd.it/29OM
2021-12-02,Vagabond,1985,https://boxd.it/T0u
2021-12-02,Big,1988,https://boxd.it/271S
2021-12-02,Band of Outsiders,1964,https://boxd.it/20Aw
2021-12-02,Pariah,2011,https://boxd.it/2wWk
2021-12-02,The Women,1939,https://boxd.it/1AuM
2021-12-02,Madeline's Madeline,2018,https://boxd.it/gNmw
2021-12-04,Another Round,2020,https://boxd.it/lkba
2021-12-05,Benedetta,2021,https://boxd.it/gdNQ
2021-12-05,Hannibal,2001,https://boxd.it/1XVc
2021-12-05,Red Dragon,2002,https://boxd.it/1Yrs
2021-12-08,Chef,2014,https://boxd.it/6lCG
2021-12-12,Young Adult,2011,https://boxd.it/nn2
2021-12-13,Possession,1981,https://boxd.it/1BPm
2021-12-13,Spider-Man: Across the Spider-Verse,2023,https://boxd.it/kSz4
2021-12-13,The Edge of Seventeen,2016,https://boxd.it/d5nu
2021-12-19,My Night at Maud's,1969,https://boxd.it/Hwo
2021-12-28,The Act of Killing,2012,https://boxd.it/44Cg
2021-12-28,An Unmarried Woman,1978,https://boxd.it/15kG
2021-12-29,C'mon C'mon,2021,https://boxd.it/nrI0
2022-01-02,Short Term 12,2013,https://boxd.it/5f6s
2022-01-02,Don't Worry Darling,2022,https://boxd.it/mViu
2022-01-04,Sir,2018,https://boxd.it/iNpa
2022-01-04,Monsoon Wedding,2001,https://boxd.it/2aiM
2022-01-05,A Beautiful Mind,2001,https://boxd.it/2amk
2022-01-06,Harold and Maude,1971,https://boxd.it/2axM
2022-01-07,Desert Hearts,1985,https://boxd.it/2aFc
2022-01-07,Priest,1994,https://boxd.it/12lG
2022-01-07,Solaris,1972,https://boxd.it/2a2Y
2022-01-07,Stalker,1979,https://boxd.it/28PO
2022-01-07,Andrei Rublev,1966,https://boxd.it/29lg
2022-01-07,The Sacrifice,1986,https://boxd.it/1xg8
2022-01-07,The Ascent,1977,https://boxd.it/Eew
2022-01-07,Wings,1966,https://boxd.it/EDw
2022-01-07,American Honey,2016,https://boxd.it/bk7C
2022-01-07,Columbus,2017,https://boxd.it/eCuA
2022-01-07,You Were Never Really Here,2017,https://boxd.it/dWOS
2022-01-10,Flee,2021,https://boxd.it/ponM
2022-01-10,Cleaners,2019,https://boxd.it/n6HU
2022-01-10,Yuni,2021,https://boxd.it/tXkw
2022-01-13,My Year of Rest and Relaxation,,https://boxd.it/oIGW
2022-01-13,The Age of Innocence,1993,https://boxd.it/1WgM
2022-01-13,Edward Scissorhands,1990,https://boxd.it/2aZc
2022-01-13,Beetlejuice,1988,https://boxd.it/24QI
2022-01-13,Heathers,1989,https://boxd.it/26x4
2022-01-13,"Girl, Interrupted",1999,https://boxd.it/25ds
2022-01-13,Little Women,1994,https://boxd.it/1YiU
2022-01-13,Night on Earth,1991,https://boxd.it/2ayq
2022-01-14,Panic Room,2002,https://boxd.it/2490
2022-01-14,Speak,2004,https://boxd.it/1MTO
2022-01-14,Still Alice,2014,https://boxd.it/8Nhq
2022-01-14,Camp X-Ray,2014,https://boxd.it/7biI
2022-01-14,Café Society,2016,https://boxd.it/bhEy
2022-01-15,Lawrence of Arabia,1962,https://boxd.it/2wRE
2022-01-15,The Bridge on the River Kwai,1957,https://boxd.it/29wo
2022-01-16,The Adversary,1970,https://boxd.it/WKK
2022-01-22,Am I Ok?,2022,https://boxd.it/nPqY
2022-01-22,Emily the Criminal,2022,https://boxd.it/wBOq
2022-01-22,Operation Fortune: Ruse de Guerre,,https://boxd.it/rJXA
2022-01-22,Master,2022,https://boxd.it/poPm
2022-02-23,Perfect Blue,1997,https://boxd.it/1W7A
2022-02-24,Taste of Cherry,1997,https://boxd.it/1m8W
2022-02-27,Barry Lyndon,1975,https://boxd.it/25A2
2022-02-27,Sunset Boulevard,1950,https://boxd.it/2a20
2022-02-27,Dirty Dancing,1987,https://boxd.it/2baY
2022-02-27,The Beatles: Get Back,2021,https://boxd.it/xo7A
2022-03-08,What We Do in the Shadows,2014,https://boxd.it/7eQy
2022-03-11,It Happened One Night,1934,https://boxd.it/25Ng
2022-03-16,Cha Cha Real Smooth,2022,https://boxd.it/uF8E
2022-03-16,Bodies Bodies Bodies,2022,https://boxd.it/iRcE
2022-03-19,Elizabeth,1998,https://boxd.it/24cS
2022-03-20,Gosford Park,2001,https://boxd.it/239e
2022-03-25,It Follows,2014,https://boxd.it/87wo
2022-03-25,Everything Everywhere All at Once,2022,https://boxd.it/jUk4
2022-03-25,National Theatre Live: Angels In America — Part Two: Perestroika,2017,https://boxd.it/fOIc
2022-03-25,National Theatre Live: Angels In America — Part One: Millennium Approaches,2017,https://boxd.it/fOHy
2022-03-26,American Psycho II: All American Girl,2002,https://boxd.it/1VxC
2022-03-30,The World's End,2013,https://boxd.it/3EiO
2022-03-30,Marie Antoinette,2006,https://boxd.it/27Wa
2022-04-02,The King and I,1956,https://boxd.it/1K0M
2022-04-10,Satantango,1994,https://boxd.it/1j9M
2022-04-10,Mirror,1975,https://boxd.it/28Q8
2022-04-10,Autumn Sonata,1978,https://boxd.it/1Rio
2022-04-10,Jonaki,2018,https://boxd.it/i1la
2022-04-10,Ship of Theseus,2012,https://boxd.it/4c5O
2022-04-21,Devil in a Blue Dress,1995,https://boxd.it/204A
2022-04-30,"Jeanne Dielman, 23, Quai du Commerce 1080 Bruxelles",1975,https://boxd.it/T18
2022-05-01,Safe,1995,https://boxd.it/1gKU
2022-05-02,Near Dark,1987,https://boxd.it/1SRO
2022-05-02,Basic Instinct,1992,https://boxd.it/2asM
2022-05-04,The Killing of a Sacred Deer,2017,https://boxd.it/dZ5G
2022-05-04,Bottoms,,https://boxd.it/uGf2
2022-05-04,Caught by Night,1986,https://boxd.it/9eDy
2022-05-06,Falling in Love,1984,https://boxd.it/yeA
2022-05-11,Heavenly Creatures,1994,https://boxd.it/2974
2022-05-15,The Seventh Seal,1957,https://boxd.it/2ahO
2022-05-15,A Knight's Tale,2001,https://boxd.it/1YAk
2022-05-15,Rashomon,1950,https://boxd.it/2a9K
2022-05-17,Ema,2019,https://boxd.it/jHWa
2022-05-17,D.E.B.S.,2004,https://boxd.it/2aaS
2022-05-17,Kate Bornstein is a Queer & Pleasant Danger,2013,https://boxd.it/7IFA
2022-05-17,Looking for Langston,1989,https://boxd.it/1hfe
2022-05-17,Set It Off,1996,https://boxd.it/1YMg
2022-05-17,Bad Education,2004,https://boxd.it/2b2K
2022-05-17,The Talented Mr. Ripley,1999,https://boxd.it/2924
2022-05-17,Can You Ever Forgive Me?,2018,https://boxd.it/e7x4
2022-05-17,The Living End,1992,https://boxd.it/1fRA
2022-05-17,Los Angeles Plays Itself,2003,https://boxd.it/15xq
2022-05-26,Only Lovers Left Alive,2013,https://boxd.it/4O1U
2022-05-27,Scent of a Woman,1992,https://boxd.it/1YAu
2022-05-27,Maurice,1987,https://boxd.it/1tZy
2022-05-29,Triangle of Sadness,2022,https://boxd.it/hXlq
2022-05-30,The Wailing,2016,https://boxd.it/9fLy
2022-06-07,Come Live with Me,1941,https://boxd.it/1gea
2022-06-08,Frida,2002,https://boxd.it/28Vi
2022-06-09,Palm Springs,2020,https://boxd.it/lCXQ
2022-06-09,Irma Vep,1996,https://boxd.it/1vYs
2022-06-09,Pierrot le Fou,1965,https://boxd.it/26j2
2022-06-10,Dual,2022,https://boxd.it/q5ye
2022-06-11,Top Gun: Maverick,2022,https://boxd.it/cjr4
2022-06-11,Close,2022,https://boxd.it/y4qa
2022-06-11,Decision to Leave,2022,https://boxd.it/qp9e
2022-06-13,The Call,2020,https://boxd.it/l94W
2022-06-13,A Tale of Two Sisters,2003,https://boxd.it/248m
2022-06-13,RRR,2022,https://boxd.it/ljDs
2022-06-21,Dogville,2003,https://boxd.it/2a8W
2022-06-21,Dancer in the Dark,2000,https://boxd.it/71E
2022-06-26,Rouge,1987,https://boxd.it/2cdk
2022-06-28,Carnage,2011,https://boxd.it/2peU
2022-06-28,Marcel the Shell with Shoes On,2021,https://boxd.it/wMAk
2022-07-02,The Miseducation of Cameron Post,2018,https://boxd.it/f6B2
